[{"id":1,"first_name":"Kikelia","last_name":"Ambrosi","email":"kambrosi0@usatoday.com","gender":"Female"},
{"id":2,"first_name":"Delinda","last_name":"Blakeden","email":"dblakeden1@sogou.com","gender":"Female"},
{"id":3,"first_name":"Becca","last_name":"Beverstock","email":"bbeverstock2@de.vu","gender":"Female"},
{"id":4,"first_name":"Flin","last_name":"Kuhwald","email":"fkuhwald3@t-online.de","gender":"Male"},
{"id":5,"first_name":"Melicent","last_name":"Maccraw","email":"mmaccraw4@livejournal.com","gender":"Female"},
{"id":6,"first_name":"Sunny","last_name":"Cowern","email":"scowern5@qq.com","gender":"Male"},
{"id":7,"first_name":"Arleyne","last_name":"Orro","email":"aorro6@surveymonkey.com","gender":"Female"},
{"id":8,"first_name":"Pandora","last_name":"Bowton","email":"pbowton7@telegraph.co.uk","gender":"Female"},
{"id":9,"first_name":"Lora","last_name":"Cuppleditch","email":"lcuppleditch8@cargocollective.com","gender":"Female"},
{"id":10,"first_name":"Viki","last_name":"Brydie","email":"vbrydie9@elegantthemes.com","gender":"Female"},
{"id":11,"first_name":"Harry","last_name":"Strewther","email":"hstrewthera@dropbox.com","gender":"Male"},
{"id":12,"first_name":"Dorette","last_name":"Norledge","email":"dnorledgeb@indiatimes.com","gender":"Female"},
{"id":13,"first_name":"Kimberley","last_name":"Perham","email":"kperhamc@tripadvisor.com","gender":"Female"},
{"id":14,"first_name":"Rodger","last_name":"Willes","email":"rwillesd@tamu.edu","gender":"Male"},
{"id":15,"first_name":"Piotr","last_name":"Le Strange","email":"plestrangee@symantec.com","gender":"Male"},
{"id":16,"first_name":"Puff","last_name":"Scarth","email":"pscarthf@wikimedia.org","gender":"Male"},
{"id":17,"first_name":"Luise","last_name":"Pacheco","email":"lpachecog@discovery.com","gender":"Female"},
{"id":18,"first_name":"Prentiss","last_name":"Casol","email":"pcasolh@ustream.tv","gender":"Male"},
{"id":19,"first_name":"Marya","last_name":"Kynsey","email":"mkynseyi@deliciousdays.com","gender":"Female"},
{"id":20,"first_name":"Jarrad","last_name":"Feake","email":"jfeakej@sphinn.com","gender":"Male"},
{"id":21,"first_name":"Rooney","last_name":"Iori","email":"riorik@ihg.com","gender":"Male"},
{"id":22,"first_name":"Alaster","last_name":"Found","email":"afoundl@spiegel.de","gender":"Male"},
{"id":23,"first_name":"Monika","last_name":"Leadbetter","email":"mleadbetterm@posterous.com","gender":"Female"},
{"id":24,"first_name":"Carolann","last_name":"Wiffill","email":"cwiffilln@t-online.de","gender":"Female"},
{"id":25,"first_name":"Farand","last_name":"Grinikhin","email":"fgrinikhino@dyndns.org","gender":"Female"},
{"id":26,"first_name":"Jo","last_name":"Kurtis","email":"jkurtisp@webmd.com","gender":"Male"},
{"id":27,"first_name":"Joeann","last_name":"Strathearn","email":"jstrathearnq@usda.gov","gender":"Female"},
{"id":28,"first_name":"Ingelbert","last_name":"Orringe","email":"iorringer@comsenz.com","gender":"Male"},
{"id":29,"first_name":"Casey","last_name":"Baudoux","email":"cbaudouxs@xing.com","gender":"Male"},
{"id":30,"first_name":"Chet","last_name":"Orrock","email":"corrockt@ed.gov","gender":"Male"},
{"id":31,"first_name":"Niki","last_name":"Cunniff","email":"ncunniffu@tumblr.com","gender":"Male"},
{"id":32,"first_name":"Vickie","last_name":"Lightbourn","email":"vlightbournv@sakura.ne.jp","gender":"Female"},
{"id":33,"first_name":"Garwood","last_name":"De Laspee","email":"gdelaspeew@xinhuanet.com","gender":"Male"},
{"id":34,"first_name":"Paddie","last_name":"Malicki","email":"pmalickix@soup.io","gender":"Male"},
{"id":35,"first_name":"Corby","last_name":"Spight","email":"cspighty@oracle.com","gender":"Male"},
{"id":36,"first_name":"Giustino","last_name":"Cannavan","email":"gcannavanz@plala.or.jp","gender":"Male"},
{"id":37,"first_name":"Fawne","last_name":"Fahrenbacher","email":"ffahrenbacher10@msn.com","gender":"Female"},
{"id":38,"first_name":"Brett","last_name":"Blaisdale","email":"bblaisdale11@prnewswire.com","gender":"Male"},
{"id":39,"first_name":"Simeon","last_name":"Orae","email":"sorae12@examiner.com","gender":"Male"},
{"id":40,"first_name":"Mervin","last_name":"Clackson","email":"mclackson13@tuttocitta.it","gender":"Male"},
{"id":41,"first_name":"Peta","last_name":"Gurry","email":"pgurry14@amazon.de","gender":"Female"},
{"id":42,"first_name":"Dian","last_name":"Alejandri","email":"dalejandri15@unblog.fr","gender":"Female"},
{"id":43,"first_name":"Rudiger","last_name":"Brameld","email":"rbrameld16@aboutads.info","gender":"Male"},
{"id":44,"first_name":"Lu","last_name":"Matelyunas","email":"lmatelyunas17@cyberchimps.com","gender":"Female"},
{"id":45,"first_name":"Caria","last_name":"Phorsby","email":"cphorsby18@fema.gov","gender":"Female"},
{"id":46,"first_name":"Marge","last_name":"Esberger","email":"mesberger19@ibm.com","gender":"Female"},
{"id":47,"first_name":"Andree","last_name":"Blayney","email":"ablayney1a@stanford.edu","gender":"Female"},
{"id":48,"first_name":"Wiley","last_name":"Hankey","email":"whankey1b@vk.com","gender":"Male"},
{"id":49,"first_name":"Joline","last_name":"Moxted","email":"jmoxted1c@kickstarter.com","gender":"Female"},
{"id":50,"first_name":"Alecia","last_name":"Durtnel","email":"adurtnel1d@dell.com","gender":"Female"},
{"id":51,"first_name":"Ivan","last_name":"Cozins","email":"icozins1e@bluehost.com","gender":"Male"},
{"id":52,"first_name":"Abra","last_name":"Trippitt","email":"atrippitt1f@blogtalkradio.com","gender":"Female"},
{"id":53,"first_name":"Alphard","last_name":"Losel","email":"alosel1g@nifty.com","gender":"Male"},
{"id":54,"first_name":"Lewie","last_name":"Littledike","email":"llittledike1h@behance.net","gender":"Male"},
{"id":55,"first_name":"Ara","last_name":"Chalmers","email":"achalmers1i@pinterest.com","gender":"Male"},
{"id":56,"first_name":"Worthington","last_name":"Bickmore","email":"wbickmore1j@cargocollective.com","gender":"Male"},
{"id":57,"first_name":"Hedy","last_name":"Jarret","email":"hjarret1k@1688.com","gender":"Female"},
{"id":58,"first_name":"Emelina","last_name":"Retallack","email":"eretallack1l@fastcompany.com","gender":"Female"},
{"id":59,"first_name":"Michel","last_name":"Bearward","email":"mbearward1m@hibu.com","gender":"Male"},
{"id":60,"first_name":"Mignon","last_name":"Balchin","email":"mbalchin1n@1688.com","gender":"Female"},
{"id":61,"first_name":"Briant","last_name":"Rappa","email":"brappa1o@aboutads.info","gender":"Male"},
{"id":62,"first_name":"Temple","last_name":"Joskowitz","email":"tjoskowitz1p@comcast.net","gender":"Male"},
{"id":63,"first_name":"Edin","last_name":"Bolam","email":"ebolam1q@latimes.com","gender":"Female"},
{"id":64,"first_name":"Uriah","last_name":"Tillett","email":"utillett1r@yahoo.co.jp","gender":"Male"},
{"id":65,"first_name":"Paolina","last_name":"Steers","email":"psteers1s@parallels.com","gender":"Female"},
{"id":66,"first_name":"Reggis","last_name":"Pesselt","email":"rpesselt1t@forbes.com","gender":"Male"},
{"id":67,"first_name":"Tades","last_name":"Snoad","email":"tsnoad1u@nih.gov","gender":"Male"},
{"id":68,"first_name":"Abbi","last_name":"Wooles","email":"awooles1v@elegantthemes.com","gender":"Female"},
{"id":69,"first_name":"Rina","last_name":"Frankcom","email":"rfrankcom1w@whitehouse.gov","gender":"Female"},
{"id":70,"first_name":"Oneida","last_name":"Dewey","email":"odewey1x@tiny.cc","gender":"Female"},
{"id":71,"first_name":"Ettore","last_name":"Paal","email":"epaal1y@friendfeed.com","gender":"Male"},
{"id":72,"first_name":"Mariel","last_name":"Ellgood","email":"mellgood1z@dagondesign.com","gender":"Female"},
{"id":73,"first_name":"Hy","last_name":"Bowerman","email":"hbowerman20@homestead.com","gender":"Male"},
{"id":74,"first_name":"Brent","last_name":"Cantillion","email":"bcantillion21@indiatimes.com","gender":"Male"},
{"id":75,"first_name":"Kendrick","last_name":"McCaster","email":"kmccaster22@illinois.edu","gender":"Male"},
{"id":76,"first_name":"Duky","last_name":"Bonicelli","email":"dbonicelli23@opensource.org","gender":"Male"},
{"id":77,"first_name":"Sloane","last_name":"Sawdy","email":"ssawdy24@delicious.com","gender":"Male"},
{"id":78,"first_name":"Sheba","last_name":"D'Agostini","email":"sdagostini25@mayoclinic.com","gender":"Female"},
{"id":79,"first_name":"Laurella","last_name":"Netti","email":"lnetti26@geocities.com","gender":"Female"},
{"id":80,"first_name":"Alfons","last_name":"Simonutti","email":"asimonutti27@businesswire.com","gender":"Male"},
{"id":81,"first_name":"Phyllys","last_name":"Cheson","email":"pcheson28@de.vu","gender":"Female"},
{"id":82,"first_name":"Bernadina","last_name":"Benting","email":"bbenting29@constantcontact.com","gender":"Female"},
{"id":83,"first_name":"Veda","last_name":"Nitto","email":"vnitto2a@walmart.com","gender":"Female"},
{"id":84,"first_name":"Bunni","last_name":"Gouthier","email":"bgouthier2b@pbs.org","gender":"Female"},
{"id":85,"first_name":"Bond","last_name":"Upex","email":"bupex2c@reuters.com","gender":"Male"},
{"id":86,"first_name":"Dallas","last_name":"Bastone","email":"dbastone2d@yellowbook.com","gender":"Male"},
{"id":87,"first_name":"Kailey","last_name":"Folker","email":"kfolker2e@house.gov","gender":"Female"},
{"id":88,"first_name":"Ingrim","last_name":"Pilfold","email":"ipilfold2f@posterous.com","gender":"Male"},
{"id":89,"first_name":"Sidnee","last_name":"Kittel","email":"skittel2g@craigslist.org","gender":"Male"},
{"id":90,"first_name":"Hermon","last_name":"Dukes","email":"hdukes2h@economist.com","gender":"Male"},
{"id":91,"first_name":"Bryon","last_name":"Lankester","email":"blankester2i@omniture.com","gender":"Male"},
{"id":92,"first_name":"Duane","last_name":"Guidotti","email":"dguidotti2j@go.com","gender":"Male"},
{"id":93,"first_name":"Gare","last_name":"Ellse","email":"gellse2k@hatena.ne.jp","gender":"Male"},
{"id":94,"first_name":"Perrine","last_name":"Garnam","email":"pgarnam2l@home.pl","gender":"Female"},
{"id":95,"first_name":"Delbert","last_name":"Corness","email":"dcorness2m@sun.com","gender":"Male"},
{"id":96,"first_name":"Torrie","last_name":"Vawton","email":"tvawton2n@biglobe.ne.jp","gender":"Female"},
{"id":97,"first_name":"Judith","last_name":"Brayne","email":"jbrayne2o@macromedia.com","gender":"Female"},
{"id":98,"first_name":"Esteban","last_name":"Yirrell","email":"eyirrell2p@paginegialle.it","gender":"Male"},
{"id":99,"first_name":"Maryjo","last_name":"McGraw","email":"mmcgraw2q@de.vu","gender":"Female"},
{"id":100,"first_name":"Bee","last_name":"Billiard","email":"bbilliard2r@sitemeter.com","gender":"Female"},
{"id":101,"first_name":"Rodolphe","last_name":"Bernuzzi","email":"rbernuzzi2s@sogou.com","gender":"Male"}]